accX_variances1,accY_variances1,accZ_variances1,gyroX_variances1,gyroY_variances1,gyroZ_variances1,gravX_variances1,gravY_variances1,gravZ_variances1,magX_variances1,magY_variances1,magZ_variances1,accX_variances2,accY_variances2,accZ_variances2,gyroX_variances2,gyroY_variances2,gyroZ_variances2,gravX_variances2,gravY_variances2,gravZ_variances2,magX_variances2,magY_variances2,magZ_variances2,accX_variances3,accY_variances3,accZ_variances3,gyroX_variances3,gyroY_variances3,gyroZ_variances3,gravX_variances3,gravY_variances3,gravZ_variances3,magX_variances3,magY_variances3,magZ_variances3,accX_variances4,accY_variances4,accZ_variances4,gyroX_variances4,gyroY_variances4,gyroZ_variances4,gravX_variances4,gravY_variances4,gravZ_variances4,magX_variances4,magY_variances4,magZ_variances4,accX_variances5,accY_variances5,accZ_variances5,gyroX_variances5,gyroY_variances5,gyroZ_variances5,gravX_variances5,gravY_variances5,gravZ_variances5,magX_variances5,magY_variances5,magZ_variances5,tags
1.039111061,2.125646199,0.438745095,0.044698572,0.121344884,0.07460554,0.875696872,2.130125568,0.380543449,19.15054384,119.4687746,20.13167663,0.005622912,0.003223505,0.000479881,1.06E-05,4.95E-05,1.83E-05,0.00582764,0.001508647,0.00010647,0.603988891,0.595874803,0.606143436,0.000127048,0.00010063,9.49E-05,8.36E-07,1.43E-06,6.29E-07,3.68E-05,6.27E-06,4.73E-07,0.57853941,0.544264735,0.637662496,0.000178027,0.000136787,9.60E-05,8.53E-07,1.08E-06,6.34E-07,1.43E-05,2.58E-06,1.73E-07,0.548783865,0.568869595,0.620309157,8.91E-05,7.31E-05,8.61E-05,7.04E-07,7.04E-07,5.38E-07,9.47E-06,1.43E-06,1.07E-07,0.504837571,0.512124518,0.637569906,3
0.000125741,0.00012242,8.95E-05,8.04E-07,8.15E-07,5.73E-07,3.51E-06,2.95E-06,2.86E-08,0.536046736,0.572450974,0.615266177,9.22E-05,0.000108404,8.81E-05,8.12E-07,6.35E-07,6.37E-07,1.81E-06,9.07E-07,1.96E-08,0.544300379,0.526682042,0.633092907,0.000215518,0.000136093,0.000124861,7.86E-07,1.45E-06,8.03E-07,2.14E-05,3.94E-06,2.37E-07,0.564480585,0.602124543,0.591195995,7.68E-05,8.67E-05,7.87E-05,7.50E-07,7.80E-07,5.40E-07,2.57E-06,1.27E-06,3.03E-08,0.518044188,0.55144302,0.644322526,6.58E-05,7.35E-05,8.88E-05,7.48E-07,7.13E-07,4.89E-07,1.72E-06,1.60E-06,1.80E-08,0.549839636,0.578463025,0.612193512,3
7.42E-05,7.47E-05,7.82E-05,8.24E-07,6.96E-07,4.54E-07,2.62E-06,9.12E-07,3.14E-08,0.555858207,0.566267922,0.607794888,6.53E-05,7.72E-05,7.62E-05,8.03E-07,6.47E-07,5.20E-07,2.14E-06,1.39E-06,2.45E-08,0.513710837,0.581949464,0.708998758,6.34E-05,7.35E-05,8.56E-05,7.63E-07,7.36E-07,5.38E-07,2.17E-06,5.25E-07,2.17E-08,0.580135095,0.599481125,0.662493779,7.72E-05,0.00010616,9.18E-05,7.12E-07,7.09E-07,6.75E-07,1.84E-06,1.02E-06,2.16E-08,0.560780007,0.609598675,0.639663333,0.000127462,0.000121633,0.000107244,8.00E-07,7.69E-07,7.15E-07,2.71E-06,1.79E-06,3.18E-08,0.541860455,0.527147186,0.712592026,3
6.43E-05,7.43E-05,0.000131029,8.09E-07,7.10E-07,4.57E-07,1.73E-06,1.92E-06,2.21E-08,0.584825966,0.550985492,0.678022032,0.000112296,0.000106291,8.74E-05,8.04E-07,8.11E-07,5.83E-07,5.92E-06,6.43E-06,9.75E-08,0.548566409,0.602978637,0.622277123,7.20E-05,7.58E-05,8.56E-05,7.92E-07,6.18E-07,4.67E-07,1.69E-06,9.08E-07,1.88E-08,0.580230004,0.628078774,0.662245654,8.28E-05,8.20E-05,8.83E-05,7.52E-07,7.13E-07,5.27E-07,2.08E-06,8.82E-07,2.29E-08,0.604742856,0.59235766,0.682156169,7.53E-05,7.63E-05,9.40E-05,7.63E-07,7.39E-07,4.77E-07,2.44E-06,1.66E-06,2.68E-08,0.641949078,0.602578833,0.698148691,1
7.57E-05,8.00E-05,9.55E-05,8.53E-07,7.47E-07,5.58E-07,3.56E-06,8.65E-07,3.87E-08,0.65562212,0.573505474,0.641966688,0.048578655,0.01433755,0.001182602,1.12E-05,2.25E-05,9.91E-06,0.042595738,0.013267968,0.000902887,1.770575445,0.99146379,0.746094975,0.000671132,0.000438606,0.000135526,1.47E-06,4.40E-06,1.51E-06,0.000899994,0.000234185,3.17E-05,0.637733316,0.648564618,0.734475324,0.000199922,0.000223081,0.000125957,1.56E-06,1.29E-06,9.89E-07,2.53E-05,3.47E-05,1.49E-06,0.63776084,0.618409045,0.748952272,0.062055409,0.013780742,0.003585898,0.000356669,0.000888837,6.38E-05,0.055506638,0.009760619,0.001689918,1.95873255,0.770555258,0.786794109,1
0.000179028,0.000131644,9.15E-05,1.20E-06,1.20E-06,6.77E-07,2.68E-05,8.01E-06,6.60E-07,0.639730943,0.656421855,0.716865469,0.000107606,0.000109837,8.66E-05,9.87E-07,1.07E-06,5.21E-07,5.79E-06,2.33E-06,1.64E-07,0.626231601,0.638790924,0.680012049,0.000287014,0.000153212,0.000105701,1.21E-06,1.31E-06,6.76E-07,2.55E-05,2.90E-06,7.82E-07,0.683738344,0.6374222,0.708461673,8.66E-05,9.61E-05,8.85E-05,1.03E-06,1.13E-06,5.98E-07,4.62E-06,2.69E-06,1.27E-07,0.662823597,0.609779655,0.650270575,8.43E-05,9.70E-05,9.53E-05,9.94E-07,1.14E-06,5.58E-07,6.11E-06,1.21E-06,2.03E-07,0.624734639,0.614682402,0.713179507,1
0.000139104,9.58E-05,9.92E-05,1.06E-06,1.24E-06,5.75E-07,4.61E-06,1.36E-06,1.42E-07,0.590798037,0.629724816,0.710021385,0.000101942,9.85E-05,9.07E-05,1.16E-06,1.82E-06,6.44E-07,5.44E-06,1.37E-06,1.67E-07,0.536759169,0.619277195,0.763939193,0.000241631,0.000137795,0.000113748,1.39E-06,1.73E-06,7.19E-07,9.16E-06,2.31E-06,3.17E-07,0.624777409,0.5992023,0.729993479,9.68E-05,8.98E-05,9.36E-05,1.31E-06,2.36E-06,5.34E-07,3.73E-06,2.80E-06,1.25E-07,0.653905846,0.670081666,0.722781364,7.88E-05,0.000119695,9.45E-05,1.35E-06,2.41E-06,5.77E-07,4.32E-06,1.58E-06,1.33E-07,0.623170193,0.609400274,0.726609812,1
0.000107132,9.29E-05,9.19E-05,1.33E-06,2.50E-06,5.95E-07,6.79E-06,2.21E-06,2.01E-07,0.611547884,0.639551173,0.711542692,0.000549878,0.000361988,0.00014374,2.39E-06,4.72E-06,1.47E-06,2.59E-05,1.21E-05,8.77E-07,0.597838498,0.567600017,0.744083961,0.000101942,9.30E-05,8.30E-05,1.97E-06,4.01E-06,5.93E-07,5.44E-06,2.10E-06,1.57E-07,0.647668894,0.661543239,0.669397932,0.021682682,0.002386272,0.000822205,1.21E-05,5.92E-05,4.27E-06,0.017855077,0.002015334,0.000581255,1.140660864,0.715989225,0.726616663,0.004920233,0.000420722,0.000362646,1.10E-05,0.000123454,3.96E-06,0.004777514,0.000181288,0.000151468,0.743421589,0.614779407,0.723048116,1
0.000115949,0.000109924,9.72E-05,3.09E-06,7.12E-06,5.97E-07,1.38E-05,1.60E-06,4.79E-07,0.689920098,0.611863703,0.697577718,8.96E-05,0.000114098,9.06E-05,2.90E-06,6.92E-06,6.62E-07,6.46E-06,1.77E-06,1.88E-07,0.599340126,0.603693122,0.68262483,0.000126209,0.000110283,9.67E-05,3.71E-06,1.06E-05,8.54E-07,5.71E-06,1.74E-06,1.78E-07,0.626405534,0.668656209,0.703501633,0.000114216,0.000213554,8.88E-05,4.47E-06,1.07E-05,7.96E-07,7.97E-06,2.51E-06,2.53E-07,0.620914848,0.722119403,0.722041922,0.033439667,0.000810546,0.001131538,1.19E-05,6.80E-05,2.40E-06,0.030763616,0.000471744,0.00085029,1.466775742,0.75884295,0.733735336,1
0.001658854,0.000329744,0.000144515,5.10E-06,2.57E-05,1.40E-06,0.001492596,0.000157836,3.29E-05,0.728773787,0.654893903,0.694785621,0.000148404,0.000118545,9.84E-05,3.54E-06,8.89E-06,5.99E-07,8.28E-06,1.93E-06,1.77E-07,0.609967198,0.626668006,0.70416625,0.017993434,0.008722524,0.001242651,4.93E-05,0.000237201,0.00012719,0.007652016,0.000946346,0.000129731,0.696815477,0.635359392,0.659508606,0.000586248,0.000177423,9.79E-05,3.04E-06,7.60E-06,9.76E-07,0.000205101,1.28E-05,2.13E-06,0.654605284,0.725099666,0.715139974,0.000106014,0.000116307,8.78E-05,3.00E-06,7.03E-06,5.45E-07,5.28E-06,1.13E-06,4.95E-08,0.593341338,0.623162579,0.715427672,1
6.07E-05,9.11E-05,8.46E-05,2.81E-06,5.85E-06,5.22E-07,2.19E-06,1.40E-06,2.30E-08,0.608235334,0.682839615,0.682374694,6.74E-05,8.03E-05,9.00E-05,2.59E-06,5.87E-06,4.99E-07,2.70E-06,1.16E-06,2.57E-08,0.626351174,0.646184711,0.701552816,6.54E-05,8.01E-05,8.45E-05,2.24E-06,4.72E-06,5.27E-07,1.13E-06,7.94E-07,8.51E-09,0.570838217,0.699003518,0.680334916,0.0001571,9.62E-05,9.46E-05,2.39E-06,5.69E-06,7.37E-07,3.56E-05,5.02E-06,3.00E-07,0.663151331,0.583153157,0.721397835,6.76E-05,8.46E-05,8.62E-05,2.35E-06,4.68E-06,5.09E-07,1.17E-06,9.82E-07,1.03E-08,0.635967415,0.711145487,0.667583647,1
6.99E-05,6.81E-05,8.37E-05,1.92E-06,4.21E-06,4.67E-07,3.09E-06,6.84E-07,2.63E-08,0.602101718,0.580864895,0.660722295,7.06E-05,7.57E-05,8.63E-05,1.79E-06,3.06E-06,4.32E-07,2.37E-06,5.91E-07,1.93E-08,0.596001037,0.577202986,0.653141299,6.67E-05,7.50E-05,9.32E-05,1.41E-06,2.16E-06,5.23E-07,7.05E-07,9.02E-07,6.14E-09,0.590639218,0.70359797,0.753290593,6.89E-05,7.46E-05,9.27E-05,1.54E-06,2.49E-06,4.75E-07,1.96E-06,8.99E-07,1.23E-08,0.617868861,0.628066412,0.681859223,6.90E-05,7.52E-05,8.46E-05,1.48E-06,2.63E-06,5.02E-07,5.24E-07,1.28E-06,5.04E-09,0.631645629,0.652219026,0.64605625,1
6.19E-05,6.74E-05,8.35E-05,1.53E-06,2.54E-06,4.99E-07,1.17E-06,6.62E-07,1.06E-08,0.602862216,0.634217577,0.626762101,6.55E-05,7.16E-05,8.90E-05,1.79E-06,3.37E-06,4.99E-07,1.42E-06,8.02E-07,1.25E-08,0.583173079,0.634405581,0.671133634,7.12E-05,8.06E-05,9.73E-05,1.19E-06,1.69E-06,4.83E-07,7.86E-07,6.59E-07,7.01E-09,0.565232055,0.65443045,0.668493862,6.79E-05,8.68E-05,8.58E-05,1.58E-06,2.11E-06,4.85E-07,7.76E-07,8.77E-07,6.40E-09,0.599006166,0.595368199,0.701512492,0.113089854,0.005220319,0.002025055,4.60E-06,4.66E-05,3.55E-06,0.116631624,0.005258189,0.002051016,3.30775242,0.876342042,0.714612211,1
9.88E-05,6.39E-05,8.89E-05,1.02E-06,1.46E-06,4.80E-07,3.51E-05,2.25E-06,9.91E-07,0.555317274,0.665566707,0.662786863,8.47E-05,6.51E-05,0.000127608,1.62E-06,2.98E-06,5.15E-07,1.79E-05,9.59E-07,4.98E-07,0.606566979,0.576710811,0.682146074,7.58E-05,6.81E-05,9.06E-05,1.19E-06,1.97E-06,5.03E-07,1.14E-05,1.53E-06,3.48E-07,0.553950302,0.654625206,0.723376172,0.000137614,7.08E-05,0.000111759,1.52E-06,3.06E-06,5.04E-07,6.96E-05,3.18E-06,1.72E-06,0.65688773,0.549771313,0.730168365,0.000284891,8.23E-05,8.40E-05,1.38E-06,2.69E-06,5.71E-07,0.000198387,1.07E-05,4.94E-06,0.660580869,0.645088491,0.714267928,1
0.015221122,0.000347875,0.000433342,3.38E-06,2.08E-05,5.01E-06,0.015015612,0.000154395,0.00036002,0.996673452,0.661278799,0.692960772,0.00158523,0.000479294,0.000135571,3.46E-06,6.08E-06,9.37E-07,0.001310494,0.000155502,2.94E-05,0.646005035,0.548096891,0.697886178,0.002355414,0.000187949,0.000118579,1.55E-06,3.89E-06,7.05E-07,0.002057738,7.47E-05,4.09E-05,0.669531124,0.642622339,0.776511764,7.31E-05,6.34E-05,0.000115605,2.36E-06,4.66E-06,5.58E-07,9.16E-06,3.89E-06,2.40E-07,0.593911844,0.585191303,0.767036227,6.92E-05,6.07E-05,8.91E-05,2.73E-06,6.53E-06,4.49E-07,2.41E-06,1.13E-06,5.13E-08,0.630464528,0.603044463,0.668478994,1
5.75E-05,5.81E-05,0.00010954,2.94E-06,7.03E-06,5.39E-07,2.24E-06,1.24E-06,5.34E-08,0.633516138,0.680282493,0.731340555,6.68E-05,7.18E-05,0.000102788,3.44E-06,8.53E-06,5.17E-07,2.82E-06,1.47E-06,6.77E-08,0.618591409,0.638424972,0.697704645,5.79E-05,6.36E-05,8.23E-05,2.66E-06,6.32E-06,4.50E-07,9.92E-07,9.67E-07,2.14E-08,0.628609313,0.732512094,0.74418674,6.09E-05,5.81E-05,8.60E-05,2.83E-06,6.51E-06,5.05E-07,2.82E-06,8.88E-07,5.79E-08,0.669592982,0.666092509,0.791641997,6.15E-05,6.43E-05,7.37E-05,1.09E-06,2.13E-06,4.83E-07,1.78E-06,9.12E-07,3.58E-08,0.644981432,0.652408643,0.756170794,0
6.82E-05,6.07E-05,8.77E-05,7.43E-07,6.93E-07,5.57E-07,1.99E-06,4.98E-07,3.89E-08,0.653467554,0.694569867,0.78610201,6.57E-05,6.01E-05,8.05E-05,7.56E-07,6.66E-07,5.20E-07,1.26E-06,7.24E-07,3.20E-08,0.722230809,0.714440203,0.771007567,6.03E-05,7.12E-05,7.93E-05,7.39E-07,6.44E-07,5.16E-07,6.80E-07,9.02E-07,1.98E-08,0.682522683,0.63754587,0.674797178,6.28E-05,6.64E-05,8.95E-05,8.10E-07,6.64E-07,5.52E-07,5.06E-07,6.48E-07,1.35E-08,0.582536752,0.698849342,0.738028881,6.28E-05,6.13E-05,8.52E-05,8.35E-07,6.16E-07,5.22E-07,5.37E-07,5.94E-07,1.44E-08,0.707288545,0.65889781,0.813528537,0
6.80E-05,6.45E-05,8.23E-05,8.28E-07,7.05E-07,4.69E-07,1.94E-06,6.51E-07,4.03E-08,0.715358555,0.700128541,0.704942006,6.83E-05,6.75E-05,8.62E-05,7.36E-07,7.23E-07,5.33E-07,9.83E-07,7.54E-07,2.25E-08,0.702742048,0.651799707,0.741566592,5.95E-05,7.26E-05,0.000104507,7.83E-07,6.35E-07,5.16E-07,2.49E-06,1.02E-06,5.81E-08,0.722580389,0.635248647,0.690418479,6.45E-05,6.51E-05,8.77E-05,8.28E-07,6.69E-07,4.78E-07,9.66E-07,1.49E-06,2.45E-08,0.654103808,0.615470321,0.688590708,6.15E-05,6.31E-05,0.000102853,7.70E-07,5.88E-07,4.70E-07,2.30E-06,7.67E-07,4.55E-08,0.658591319,0.699576296,0.772483427,0
6.79E-05,7.20E-05,9.14E-05,7.81E-07,6.87E-07,5.24E-07,1.58E-06,6.01E-07,3.19E-08,0.763915576,0.686176583,0.76336539,6.23E-05,5.67E-05,9.82E-05,7.52E-07,7.33E-07,4.98E-07,6.11E-07,4.81E-07,1.46E-08,0.620994836,0.667113853,0.73517184,6.18E-05,6.91E-05,9.31E-05,7.73E-07,6.40E-07,4.79E-07,3.67E-06,6.95E-07,6.25E-08,0.702117454,0.754127033,0.791102902,6.25E-05,6.59E-05,0.000104199,7.69E-07,7.18E-07,5.11E-07,1.94E-06,6.21E-07,4.23E-08,0.675013131,0.643416073,0.83354594,6.47E-05,6.67E-05,8.51E-05,7.38E-07,7.02E-07,5.01E-07,1.97E-06,6.63E-07,3.92E-08,0.658534363,0.694607035,0.657985041,0
6.15E-05,6.67E-05,9.10E-05,7.67E-07,6.50E-07,4.86E-07,1.09E-06,1.09E-06,2.31E-08,0.651532121,0.632023309,0.743304207,6.69E-05,6.43E-05,8.04E-05,6.97E-07,6.26E-07,5.63E-07,1.52E-06,7.78E-07,3.04E-08,0.624026668,0.629505189,0.672071573,6.50E-05,6.29E-05,8.33E-05,6.46E-07,6.58E-07,5.20E-07,7.71E-07,5.81E-07,1.83E-08,0.669817111,0.624401546,0.725009439,6.09E-05,6.42E-05,8.92E-05,7.18E-07,6.53E-07,5.40E-07,3.16E-06,9.88E-07,7.81E-08,0.606931584,0.616570644,0.733666814,5.68E-05,6.34E-05,8.88E-05,8.21E-07,6.77E-07,4.88E-07,2.96E-06,9.73E-07,5.77E-08,0.696181396,0.62604695,0.744231919,0
6.53E-05,5.93E-05,9.19E-05,7.05E-07,6.97E-07,4.78E-07,4.85E-07,1.40E-06,1.30E-08,0.641277984,0.666402707,0.711365182,6.24E-05,7.18E-05,9.25E-05,7.98E-07,7.12E-07,5.06E-07,1.91E-06,1.15E-06,5.15E-08,0.684151124,0.634594974,0.858560617,6.56E-05,6.15E-05,8.63E-05,7.65E-07,7.00E-07,5.42E-07,9.63E-07,7.01E-07,2.51E-08,0.607913834,0.729821,0.751122393,6.20E-05,6.90E-05,9.17E-05,7.21E-07,6.71E-07,4.67E-07,4.88E-07,7.50E-07,1.33E-08,0.637538782,0.686282274,0.673714107,0.000448303,9.89E-05,0.000110113,9.31E-07,3.55E-06,6.39E-07,0.000294248,2.28E-06,6.70E-06,0.659946807,0.621246214,0.73969984,0
0.026970802,0.001030606,0.000666871,3.24E-06,4.61E-05,5.23E-06,0.026656018,0.000903545,0.000550053,1.233924192,0.694164885,0.770312291,9.44E-05,0.000114486,8.95E-05,8.16E-07,1.60E-06,5.62E-07,3.46E-05,2.21E-05,4.85E-07,0.702730557,0.697944913,0.701261166,8.32E-05,7.80E-05,8.13E-05,7.36E-07,7.77E-07,4.86E-07,5.28E-06,2.08E-06,7.79E-08,0.732164794,0.663380166,0.683429621,7.32E-05,7.16E-05,8.30E-05,7.50E-07,7.07E-07,5.41E-07,8.27E-07,6.73E-07,1.00E-08,0.718779755,0.662985237,0.689258451,7.27E-05,7.93E-05,8.26E-05,7.34E-07,7.82E-07,5.24E-07,1.04E-06,8.13E-07,1.38E-08,0.579815826,0.804273243,0.81469725,1
7.74E-05,8.11E-05,8.39E-05,7.69E-07,8.28E-07,5.00E-07,2.34E-06,1.87E-06,2.93E-08,0.627941375,0.6854284,0.824377581,8.25E-05,8.41E-05,8.72E-05,7.08E-07,7.10E-07,4.89E-07,4.03E-06,7.29E-07,4.37E-08,0.661108823,0.687997432,0.748297934,7.56E-05,8.01E-05,9.10E-05,8.07E-07,7.59E-07,4.43E-07,1.81E-06,1.51E-06,2.64E-08,0.60972134,0.639866135,0.745350738,8.98E-05,8.71E-05,8.08E-05,8.00E-07,8.80E-07,5.24E-07,2.25E-06,3.81E-06,3.61E-08,0.64110372,0.752045679,0.785559262,6.16E-05,8.26E-05,7.92E-05,7.38E-07,7.88E-07,4.72E-07,1.23E-06,6.56E-07,1.45E-08,0.620430191,0.621198523,0.702530548,1
6.86E-05,8.23E-05,8.20E-05,8.07E-07,8.18E-07,5.12E-07,1.57E-06,7.38E-07,1.72E-08,0.642571952,0.652575214,0.813550501,0.000101778,8.87E-05,9.10E-05,7.58E-07,7.53E-07,5.46E-07,3.69E-06,8.74E-07,3.83E-08,0.657222679,0.656573972,0.72247971,0.000165467,8.74E-05,9.68E-05,9.12E-07,1.18E-06,6.36E-07,2.61E-06,4.13E-06,3.29E-08,0.680033222,0.754913209,0.751935949,6.92E-05,8.24E-05,9.28E-05,7.16E-07,7.83E-07,5.18E-07,1.33E-06,1.28E-06,2.05E-08,0.67714462,0.728460128,0.756472325,5.92E-05,7.74E-05,8.59E-05,8.41E-07,7.35E-07,5.51E-07,8.93E-07,9.70E-07,1.17E-08,0.687080626,0.672889417,0.728856199,2
7.81E-05,8.36E-05,8.70E-05,7.27E-07,7.60E-07,4.48E-07,4.09E-06,9.59E-07,4.72E-08,0.628168597,0.595352033,0.667397578,6.90E-05,8.38E-05,7.54E-05,7.85E-07,7.98E-07,4.86E-07,2.13E-06,1.14E-06,2.81E-08,0.617259052,0.621276788,0.699549022,0.248772657,0.071118938,0.00729219,0.000153255,0.000356415,6.11E-06,0.247905522,0.067120847,0.008570206,6.244945615,2.254603393,0.869990321,0.00326834,0.003944344,0.000479178,3.51E-05,1.75E-05,1.04E-06,0.003842804,0.005624814,0.000422447,0.711212061,0.660748599,0.705278571,6.91E-05,0.000145179,8.86E-05,2.38E-06,1.52E-06,5.17E-07,8.53E-06,4.00E-05,1.78E-06,0.693783352,0.669626979,0.698869896,2
7.57E-05,0.000123916,8.89E-05,1.90E-06,1.52E-06,5.08E-07,1.67E-05,4.30E-05,2.89E-06,0.640244499,0.629244238,0.728750766,7.02E-05,0.000122708,9.14E-05,2.08E-06,1.55E-06,5.38E-07,8.69E-06,3.31E-05,1.79E-06,0.680646986,0.675678162,0.748436493,0.00163428,0.000753659,0.000213693,1.14E-05,7.02E-06,7.22E-07,0.00143221,0.000710042,6.69E-05,0.60083786,0.657214977,0.73788284,8.01E-05,0.000121122,9.51E-05,2.23E-06,2.28E-06,4.92E-07,3.26E-05,5.42E-05,4.52E-06,0.624710062,0.649220431,0.74898592,0.000210365,0.000170569,0.00010174,2.83E-06,2.43E-06,5.02E-07,0.000138072,9.23E-05,5.79E-06,0.640085599,0.722572527,0.783010403,2
0.000160441,0.000184412,0.000111231,2.79E-06,2.52E-06,6.70E-07,2.95E-05,4.28E-05,3.92E-06,0.67899003,0.573286652,0.624116543,6.55E-05,0.000111177,8.98E-05,1.79E-06,1.80E-06,4.95E-07,7.12E-06,2.92E-05,1.67E-06,0.648549935,0.635517838,0.773348368,6.47E-05,0.000112946,0.000109583,1.81E-06,1.57E-06,4.77E-07,1.11E-05,3.00E-05,2.10E-06,0.637336451,0.64509499,0.727784855,7.50E-05,0.000121838,0.000102257,1.98E-06,1.63E-06,5.10E-07,1.11E-05,4.09E-05,2.50E-06,0.62062257,0.653448041,0.690351759,7.05E-05,0.000114946,8.82E-05,1.78E-06,1.64E-06,5.21E-07,9.37E-06,2.97E-05,1.89E-06,0.605519529,0.655111423,0.727619418,2
0.002474444,0.002334902,0.000297694,2.64E-05,2.07E-05,6.98E-07,0.002423011,0.00227612,0.000162653,0.674017422,0.647193047,0.708382974,0.000261192,0.000402298,8.74E-05,4.41E-06,2.23E-06,5.46E-07,0.00020607,0.000328567,4.03E-06,0.655252418,0.682618802,0.773035513,6.96E-05,0.000133654,8.54E-05,2.75E-06,1.77E-06,5.26E-07,7.65E-06,4.82E-05,2.33E-06,0.604761427,0.65196293,0.762992586,7.15E-05,0.000138235,9.57E-05,2.55E-06,1.94E-06,4.98E-07,8.81E-06,4.42E-05,2.21E-06,0.687655642,0.588233847,0.680146816,6.66E-05,0.00013001,9.95E-05,2.74E-06,1.76E-06,5.28E-07,8.80E-06,4.81E-05,2.34E-06,0.628041117,0.66284276,0.752869714,2
6.64E-05,0.000133717,9.07E-05,2.66E-06,1.90E-06,4.67E-07,9.08E-06,4.65E-05,2.44E-06,0.664437726,0.699077017,0.727609949,5.94E-05,0.000120667,8.77E-05,2.96E-06,2.08E-06,6.08E-07,7.60E-06,4.63E-05,2.30E-06,0.628981856,0.592500748,0.860134194,7.64E-05,0.000139764,0.000105084,2.94E-06,1.90E-06,5.73E-07,7.59E-06,5.44E-05,2.55E-06,0.647565742,0.651330817,0.683561454,6.87E-05,0.000114942,9.71E-05,3.06E-06,1.83E-06,5.28E-07,9.38E-06,5.59E-05,2.82E-06,0.598562223,0.705278548,0.763728964,7.56E-05,0.000157632,0.000103686,3.47E-06,1.79E-06,5.20E-07,9.94E-06,7.88E-05,3.27E-06,0.653929881,0.580785626,0.800618956,2
6.24E-05,0.00013771,0.000127507,2.99E-06,1.71E-06,5.44E-07,1.03E-05,5.28E-05,2.54E-06,0.672315653,0.651563806,0.742683068,6.97E-05,0.000120519,0.000163066,2.70E-06,1.85E-06,5.48E-07,9.97E-06,4.61E-05,2.41E-06,0.632559746,0.70011742,0.81605327,6.76E-05,0.000122069,9.79E-05,2.91E-06,2.09E-06,5.34E-07,6.16E-06,4.85E-05,2.15E-06,0.628345564,0.623251184,0.744598663,7.01E-05,0.000107673,9.52E-05,2.67E-06,1.71E-06,5.28E-07,6.58E-06,4.18E-05,1.98E-06,0.585195069,0.708761825,0.680422387,6.83E-05,0.000118288,0.000102719,3.05E-06,1.95E-06,5.13E-07,5.39E-06,4.29E-05,1.87E-06,0.698259317,0.671297016,0.704542527,2
6.49E-05,0.000132936,9.70E-05,2.93E-06,2.02E-06,5.14E-07,4.81E-06,4.63E-05,1.91E-06,0.660186063,0.682031821,0.756002322,6.73E-05,0.000129643,9.67E-05,2.97E-06,1.86E-06,5.57E-07,5.68E-06,4.55E-05,2.00E-06,0.684982115,0.676789737,0.805136676,6.63E-05,0.000120734,9.36E-05,2.96E-06,1.90E-06,5.27E-07,5.36E-06,4.41E-05,1.91E-06,0.620450361,0.664521251,0.77751802,6.75E-05,0.000124247,9.63E-05,3.03E-06,1.99E-06,5.45E-07,5.84E-06,4.95E-05,2.07E-06,0.683355417,0.614748181,0.753052628,0.038820347,0.018705498,0.00472268,0.000618507,0.000596454,3.58E-05,0.038523663,0.017586382,0.004728123,1.707215043,1.24049609,0.897509949,1
0.001530937,0.000249933,0.000265657,5.91E-06,1.12E-05,7.37E-07,0.001506113,0.000166517,0.000143102,0.620579235,0.682478297,0.760399153,6.50E-05,9.91E-05,8.35E-05,1.28E-06,1.56E-06,4.81E-07,6.93E-06,1.09E-05,1.16E-06,0.672090405,0.642877676,0.752876734,6.50E-05,7.90E-05,8.34E-05,1.31E-06,1.71E-06,4.51E-07,3.03E-06,3.67E-06,4.82E-07,0.711017153,0.652372785,0.732698236,7.32E-05,8.40E-05,0.00010096,1.32E-06,1.61E-06,4.65E-07,8.35E-06,3.71E-06,9.64E-07,0.685655622,0.704581547,0.838270418,7.46E-05,9.16E-05,8.80E-05,1.19E-06,1.55E-06,5.56E-07,4.91E-06,2.21E-06,5.22E-07,0.688847122,0.684954057,0.746945631,1
8.52E-05,8.72E-05,9.83E-05,1.29E-06,1.60E-06,4.57E-07,2.50E-05,4.29E-06,2.97E-06,0.693170055,0.708264572,0.731142272,6.82E-05,8.03E-05,8.96E-05,1.15E-06,1.51E-06,4.86E-07,1.12E-06,1.01E-06,1.50E-07,0.7432157,0.64003302,0.833151946,6.31E-05,8.78E-05,8.40E-05,1.16E-06,1.80E-06,4.74E-07,6.78E-06,1.55E-05,1.40E-06,0.686993557,0.679938502,0.795305954,6.89E-05,7.64E-05,8.64E-05,1.16E-06,1.54E-06,4.92E-07,2.71E-06,1.75E-06,3.14E-07,0.672974681,0.705779324,0.819948732,6.67E-05,7.99E-05,7.85E-05,1.11E-06,1.44E-06,4.35E-07,3.29E-06,1.35E-06,3.56E-07,0.674745316,0.665909788,0.724330987,1
6.47E-05,8.23E-05,7.39E-05,1.31E-06,1.56E-06,4.62E-07,2.42E-06,3.79E-06,4.06E-07,0.757480094,0.687795028,0.855694279,6.90E-05,7.86E-05,8.68E-05,1.16E-06,1.51E-06,4.91E-07,1.42E-06,1.55E-06,2.06E-07,0.687618813,0.672934313,0.760720305,6.53E-05,8.73E-05,7.63E-05,1.19E-06,1.48E-06,5.40E-07,1.58E-06,1.29E-06,2.24E-07,0.63594519,0.632685924,0.766028193,6.98E-05,8.38E-05,8.99E-05,1.20E-06,1.56E-06,5.05E-07,1.70E-06,1.32E-06,2.31E-07,0.744282041,0.729635135,0.752012005,6.57E-05,9.36E-05,9.44E-05,1.12E-06,1.49E-06,4.49E-07,1.71E-06,1.37E-06,2.10E-07,0.674351844,0.68782541,0.746866314,1
5.95E-05,7.99E-05,9.35E-05,1.21E-06,1.49E-06,4.85E-07,1.47E-06,1.26E-06,1.79E-07,0.677639161,0.644185769,0.831398447,0.01314104,0.00465485,0.001254428,2.91E-05,4.32E-05,1.51E-06,0.012203656,0.004621955,0.001005645,0.962040121,0.777424396,0.80811208,0.000203188,0.000155738,9.22E-05,1.36E-06,1.71E-06,4.89E-07,0.000145029,9.37E-05,1.91E-05,0.659109928,0.678541416,0.810432014,6.46E-05,8.66E-05,8.81E-05,1.14E-06,1.72E-06,5.06E-07,1.21E-05,3.82E-06,1.28E-06,0.701666967,0.682846805,0.71496161,6.21E-05,7.54E-05,9.33E-05,1.11E-06,1.70E-06,5.08E-07,6.29E-06,2.15E-06,6.43E-07,0.709281846,0.637787588,0.823376825,1
0.000105624,0.000159386,9.14E-05,1.33E-06,1.84E-06,5.32E-07,4.62E-05,8.41E-05,8.26E-06,0.676898434,0.666714061,0.759882418,0.000166867,0.000239232,9.32E-05,1.49E-06,2.16E-06,5.25E-07,8.58E-05,0.000159346,1.53E-05,0.619739499,0.590131373,0.756139093,8.28E-05,0.000105418,9.85E-05,1.18E-06,1.63E-06,4.87E-07,2.17E-05,1.15E-05,2.53E-06,0.691497407,0.628693259,0.726587754,6.22E-05,7.75E-05,8.66E-05,1.31E-06,1.64E-06,5.14E-07,7.02E-06,3.81E-06,7.91E-07,0.674057015,0.659787768,0.675274091,6.09E-05,8.50E-05,8.41E-05,1.15E-06,1.73E-06,4.85E-07,1.13E-06,9.02E-07,1.14E-07,0.680041309,0.754684479,0.717388458,1
7.00E-05,7.77E-05,8.66E-05,1.24E-06,1.61E-06,5.16E-07,4.09E-06,8.46E-07,3.32E-07,0.68069106,0.665219401,0.714190012,6.18E-05,8.10E-05,0.000100089,1.30E-06,1.60E-06,5.13E-07,1.99E-06,1.38E-06,1.41E-07,0.699305302,0.70111397,0.824541275,6.08E-05,8.62E-05,9.47E-05,1.15E-06,1.69E-06,5.61E-07,7.14E-07,9.30E-07,6.42E-08,0.650041621,0.60953937,0.672890188,5.84E-05,9.02E-05,9.22E-05,1.15E-06,1.68E-06,4.80E-07,2.45E-06,1.24E-06,2.33E-07,0.650246144,0.667198068,0.726654039,6.26E-05,8.45E-05,9.83E-05,1.23E-06,1.57E-06,5.08E-07,1.16E-06,8.01E-07,9.80E-08,0.6854483,0.635603101,0.759291327,0
6.60E-05,7.73E-05,9.95E-05,1.08E-06,1.56E-06,5.29E-07,2.47E-06,8.48E-07,2.17E-07,0.690952346,0.729401601,0.746697257,5.99E-05,8.49E-05,9.05E-05,1.22E-06,1.79E-06,5.46E-07,2.19E-06,1.31E-06,2.22E-07,0.714229748,0.665371005,0.707559332,6.26E-05,8.18E-05,8.86E-05,1.12E-06,1.74E-06,5.09E-07,1.41E-06,1.14E-06,1.54E-07,0.673986264,0.639904533,0.751595546,6.17E-05,7.98E-05,9.53E-05,1.10E-06,1.68E-06,4.70E-07,7.00E-07,1.26E-06,6.92E-08,0.670891984,0.663916579,0.735541782,0.009667852,0.009401894,0.001638673,7.07E-05,1.00E-04,1.77E-06,0.01010778,0.009183758,0.001766345,0.882736013,0.88050368,0.811993283,0
0.041402117,0.082763929,0.008123472,0.000434607,0.000975899,9.37E-05,0.038547569,0.081848096,0.007340736,1.337487727,2.107488003,0.928172667,6.71E-05,9.29E-05,7.22E-05,1.15E-06,1.75E-06,5.23E-07,2.79E-05,2.71E-05,2.09E-06,0.646312293,0.637607873,0.753871774,6.67E-05,9.71E-05,7.23E-05,9.26E-07,1.12E-06,4.95E-07,1.24E-06,5.09E-06,1.07E-07,0.710757826,0.707462823,0.753163535,6.57E-05,9.28E-05,7.08E-05,9.06E-07,1.10E-06,5.30E-07,5.12E-06,3.13E-06,3.20E-07,0.769238782,0.686245453,0.745269574,9.48E-05,9.39E-05,8.30E-05,9.56E-07,1.33E-06,5.15E-07,3.23E-05,4.46E-06,1.82E-06,0.692005036,0.758935318,0.806128012,1
8.16E-05,0.000109834,7.88E-05,1.01E-06,1.34E-06,5.77E-07,1.22E-05,1.30E-05,7.41E-07,0.678148446,0.75994964,0.756597185,0.000117991,0.000107807,7.48E-05,9.75E-07,1.40E-06,5.12E-07,4.07E-05,5.99E-06,2.27E-06,0.74341306,0.659873909,0.74789113,6.85E-05,9.89E-05,6.70E-05,9.34E-07,1.26E-06,5.00E-07,2.24E-06,1.84E-06,1.32E-07,0.636375553,0.696869298,0.800339323,0.000118102,0.000119025,6.98E-05,9.33E-07,1.26E-06,5.42E-07,2.05E-05,3.24E-06,9.20E-07,0.719944484,0.702781623,0.814311211,6.08E-05,8.88E-05,6.77E-05,9.30E-07,1.04E-06,4.91E-07,1.32E-06,1.37E-06,7.56E-08,0.761321488,0.705010107,0.778639735,1
7.64E-05,0.000103507,6.95E-05,9.45E-07,1.12E-06,4.46E-07,1.24E-05,7.69E-06,5.04E-07,0.684385195,0.708329939,0.877003616,6.33E-05,9.57E-05,6.64E-05,9.73E-07,1.07E-06,5.17E-07,5.15E-07,1.51E-06,3.44E-08,0.646636777,0.713705507,0.72422253,5.74E-05,8.50E-05,6.70E-05,9.81E-07,1.18E-06,5.08E-07,6.67E-07,1.56E-06,4.06E-08,0.647681132,0.738282664,0.914666485,0.013076375,0.005170583,0.000455306,1.31E-05,4.82E-05,4.28E-06,0.012951383,0.004798066,0.000409077,1.045333818,0.77322264,0.806035565,0.000154288,0.000552808,0.000103513,3.29E-06,3.19E-06,8.29E-07,4.04E-05,0.000336546,1.98E-06,0.643806352,0.740457558,0.788371867,0
5.98E-05,8.76E-05,8.81E-05,1.25E-06,1.44E-06,5.70E-07,4.09E-06,9.51E-06,2.24E-07,0.763205012,0.715294079,0.683365873,7.06E-05,8.24E-05,0.000101215,1.21E-06,1.44E-06,5.74E-07,2.34E-06,4.41E-06,1.58E-07,0.736555668,0.762148231,0.821373317,7.87E-05,7.93E-05,9.59E-05,1.24E-06,1.25E-06,5.65E-07,1.59E-06,4.52E-06,1.15E-07,0.703792303,0.750532582,0.823468987,0.000101708,0.000147967,0.0001217,1.69E-06,1.77E-06,6.45E-07,2.40E-06,4.13E-05,1.78E-07,0.70845266,0.690250127,0.779200965,7.58E-05,9.78E-05,0.000105806,1.45E-06,1.58E-06,6.08E-07,7.36E-06,9.42E-06,4.85E-07,0.692643997,0.736852852,0.883647877,0
0.000516067,0.00045036,0.000132988,8.04E-06,1.01E-05,9.24E-07,0.000390914,0.000327974,1.70E-05,0.725329668,0.810218283,0.680289201,0.017185475,0.004638183,0.000847715,1.97E-05,6.00E-05,1.84E-06,0.015458178,0.003862166,0.000668976,1.195011148,0.775560014,0.854773542,7.80E-05,8.33E-05,9.65E-05,3.19E-06,3.85E-06,6.92E-07,9.28E-05,6.78E-05,4.75E-06,0.718759845,0.763439536,0.833608024,6.36E-05,8.95E-05,8.14E-05,1.25E-06,1.57E-06,4.94E-07,1.98E-06,9.71E-06,1.71E-07,0.637770115,0.735527545,0.748850297,7.10E-05,9.44E-05,9.94E-05,1.26E-06,1.34E-06,5.27E-07,1.56E-06,8.57E-06,1.39E-07,0.719948394,0.683993115,0.715520556,1
7.46E-05,9.09E-05,0.000100065,1.43E-06,1.44E-06,5.14E-07,1.84E-06,9.28E-06,1.56E-07,0.658947987,0.73060795,0.839743825,0.044508819,0.008309622,0.00400481,6.62E-05,0.000306257,1.82E-05,0.043033086,0.007642104,0.001806919,1.892898753,0.807942316,0.813194394,0.000410322,0.000169359,9.88E-05,1.84E-06,3.77E-06,5.92E-07,0.000249663,4.62E-05,1.59E-05,0.74034915,0.793918815,0.846684625,0.030774172,0.001940288,0.001558203,3.71E-05,0.000125807,2.14E-06,0.030766345,0.001932522,0.001639401,1.569295651,0.762514789,0.917029586,8.63E-05,0.000107983,9.40E-05,1.86E-06,2.40E-06,5.30E-07,8.23E-05,3.00E-05,5.36E-06,0.731810808,0.743664078,0.808532782,1
7.48E-05,0.000104086,9.82E-05,1.56E-06,1.76E-06,5.48E-07,1.07E-05,1.98E-05,9.06E-07,0.671072105,0.738940874,0.776531412,6.82E-05,0.000106713,0.00010211,1.82E-06,1.80E-06,5.62E-07,9.68E-06,1.93E-05,6.82E-07,0.713467381,0.642608316,0.763908735,6.95E-05,0.00010627,9.55E-05,1.57E-06,1.78E-06,4.97E-07,1.07E-06,1.94E-05,8.76E-08,0.667640415,0.766198963,0.773349549,7.34E-05,0.000101042,9.94E-05,1.75E-06,1.90E-06,5.16E-07,9.08E-07,2.20E-05,6.60E-08,0.763332823,0.708859989,0.767635037,7.78E-05,0.000105443,0.000103224,1.71E-06,1.67E-06,5.67E-07,1.27E-05,2.14E-05,9.38E-07,0.68169109,0.766401884,0.783005521,1
7.01E-05,0.000118279,9.15E-05,1.86E-06,1.73E-06,5.25E-07,1.15E-06,2.53E-05,8.79E-08,0.706569362,0.686455342,0.788800954,6.05E-05,0.000109968,9.36E-05,1.79E-06,1.55E-06,5.54E-07,2.42E-06,2.58E-05,1.52E-07,0.73226,0.792924005,0.854810114,6.61E-05,0.000107099,9.34E-05,1.75E-06,1.54E-06,4.83E-07,1.89E-06,2.20E-05,1.51E-07,0.665066245,0.689400161,0.85005744,0.000115589,0.000144485,0.000107077,1.96E-06,1.97E-06,6.62E-07,2.31E-05,4.48E-05,1.68E-06,0.659971279,0.7438959,0.840012055,7.45E-05,9.81E-05,0.000104107,1.59E-06,1.67E-06,5.19E-07,1.81E-06,2.21E-05,1.47E-07,0.713053872,0.74510051,0.849792702,0
8.47E-05,0.000115578,0.00010623,2.22E-06,1.89E-06,5.94E-07,1.25E-05,3.30E-05,8.25E-07,0.770007857,0.837009787,0.832719042,7.58E-05,0.000110635,0.000103746,1.67E-06,1.84E-06,5.46E-07,2.83E-06,2.01E-05,2.51E-07,0.791327535,0.750350824,0.753822452,6.79E-05,0.000100278,9.41E-05,1.91E-06,1.44E-06,5.10E-07,1.17E-06,2.37E-05,9.03E-08,0.723120312,0.6699627,0.822925561,6.93E-05,0.000107708,9.22E-05,1.85E-06,1.69E-06,5.20E-07,7.39E-07,2.31E-05,4.60E-08,0.716614894,0.720902601,0.853075478,7.02E-05,0.000123058,9.43E-05,1.79E-06,1.61E-06,4.96E-07,2.19E-06,2.73E-05,1.67E-07,0.723266311,0.693119877,0.786244427,0
6.33E-05,0.00010405,9.86E-05,1.78E-06,1.72E-06,5.25E-07,1.48E-06,2.17E-05,8.23E-08,0.760232621,0.729448885,0.874348734,0.202209618,0.005982303,0.008586539,1.52E-05,0.000140349,1.21E-05,0.198603441,0.005904451,0.00915934,6.474812606,0.710174144,1.344302183,7.33E-05,9.90E-05,9.06E-05,1.16E-06,1.94E-06,1.12E-06,4.15E-05,1.10E-05,1.37E-06,0.62446188,0.671899034,0.733479818,6.52E-05,8.64E-05,0.000104663,9.53E-07,1.38E-06,5.22E-07,2.55E-06,1.18E-06,9.20E-08,0.701434666,0.718092169,0.793654456,6.63E-05,8.65E-05,9.78E-05,9.59E-07,1.21E-06,5.39E-07,9.72E-07,9.58E-07,3.28E-08,0.644342806,0.665594907,0.790064039,1
6.27E-05,9.05E-05,8.76E-05,1.00E-06,1.46E-06,5.54E-07,1.07E-06,1.05E-06,3.90E-08,0.721831779,0.656549551,0.684975091,6.78E-05,8.60E-05,8.83E-05,8.90E-07,1.24E-06,5.31E-07,1.41E-06,5.49E-07,4.54E-08,0.745162412,0.680434009,0.772679672,6.57E-05,9.33E-05,9.15E-05,9.48E-07,1.41E-06,5.64E-07,2.67E-06,1.21E-06,8.74E-08,0.660832111,0.756321829,0.733450878,0.00013469,0.00014336,0.000101067,2.22E-06,1.18E-05,6.69E-07,4.71E-05,1.79E-05,1.60E-06,0.70820063,0.726246661,0.803096419,6.42E-05,7.92E-05,8.30E-05,9.71E-07,1.29E-06,5.64E-07,1.14E-06,7.73E-07,3.65E-08,0.666274474,0.655656672,0.768858379,1
0.001071836,0.000472699,0.00015658,2.48E-06,1.98E-05,8.96E-07,0.000941609,0.000364596,1.86E-05,0.692951329,0.749262031,0.808928639,6.69E-05,9.48E-05,8.58E-05,9.50E-07,1.27E-06,5.69E-07,2.02E-06,1.07E-06,6.37E-08,0.752856444,0.695593974,0.737141639,7.56E-05,0.000102692,7.94E-05,8.98E-07,1.29E-06,5.10E-07,8.19E-07,9.51E-07,2.21E-08,0.63810456,0.68678235,0.754172983,5.92E-05,9.55E-05,8.51E-05,9.17E-07,1.11E-06,5.39E-07,1.20E-06,6.41E-07,3.41E-08,0.688205724,0.757306704,0.855474308,7.04E-05,0.000108053,8.46E-05,9.40E-07,1.20E-06,5.69E-07,2.33E-06,1.77E-06,8.29E-08,0.689394921,0.697865963,0.74988709,2
6.48E-05,0.000105629,8.69E-05,9.69E-07,1.24E-06,5.00E-07,2.31E-06,1.53E-06,7.62E-08,0.699246766,0.69654391,0.741332759,0.00308141,0.001103262,0.000204159,8.52E-06,2.09E-05,2.97E-06,0.003032718,0.000845643,5.51E-05,0.860810656,0.669482454,0.779160628,6.54E-05,8.55E-05,7.57E-05,9.84E-07,1.29E-06,6.03E-07,1.08E-06,2.48E-06,4.09E-08,0.757369611,0.647472365,0.772251897,6.03E-05,9.15E-05,8.55E-05,9.44E-07,1.20E-06,5.70E-07,1.73E-06,1.09E-06,5.68E-08,0.632310753,0.692607609,0.813211098,6.74E-05,8.51E-05,8.44E-05,8.12E-07,1.03E-06,5.35E-07,1.56E-06,1.69E-06,3.97E-08,0.655514827,0.636361919,0.815360304,2
0.000459833,0.000507834,0.000123566,1.32E-06,2.29E-06,2.20E-06,1.15E-05,1.53E-05,4.67E-07,0.663433393,0.71359899,0.716284478,6.65E-05,8.57E-05,8.59E-05,9.02E-07,1.15E-06,5.36E-07,6.72E-07,9.46E-07,2.26E-08,0.652796782,0.72913384,0.774403836,6.72E-05,8.10E-05,8.12E-05,9.60E-07,1.06E-06,5.03E-07,1.39E-06,5.86E-07,3.93E-08,0.678275793,0.665244691,0.717897772,0.026371314,0.006807537,0.001295015,2.66E-05,0.000118344,4.40E-06,0.026911978,0.006591244,0.000683274,1.468173043,0.781142198,0.826423632,0.000148971,0.00010852,8.02E-05,1.23E-06,1.17E-06,5.18E-07,0.000112201,4.53E-05,4.10E-06,0.609259918,0.686252646,0.829600094,2
6.40E-05,9.10E-05,7.81E-05,1.07E-06,1.38E-06,5.44E-07,5.82E-06,2.90E-06,2.27E-07,0.815659093,0.682621385,0.889089257,7.88E-05,9.36E-05,9.79E-05,1.18E-06,3.76E-06,5.38E-07,1.47E-05,4.95E-06,5.84E-07,0.680846438,0.751151474,0.837650855,6.57E-05,8.58E-05,7.01E-05,1.09E-06,1.45E-06,4.45E-07,2.91E-06,3.12E-06,1.28E-07,0.75611271,0.819446294,0.753806407,6.75E-05,8.55E-05,7.23E-05,9.86E-07,1.28E-06,4.89E-07,2.86E-06,2.40E-06,1.27E-07,0.691752291,0.761877309,0.750146994,6.05E-05,8.84E-05,7.48E-05,1.16E-06,1.19E-06,5.50E-07,1.18E-06,3.70E-06,5.12E-08,0.690244668,0.722271857,0.764308644,1
6.16E-05,8.84E-05,7.45E-05,1.07E-06,1.21E-06,5.14E-07,7.41E-07,2.94E-06,3.46E-08,0.657581223,0.737353072,0.821714414,6.09E-05,7.90E-05,6.61E-05,1.04E-06,1.21E-06,5.87E-07,8.22E-07,3.18E-06,3.43E-08,0.66824584,0.746643924,0.772450358,0.063072567,0.00928563,0.001999853,6.81E-06,5.09E-05,8.13E-06,0.065964314,0.009540628,0.00172601,2.629469116,0.677866652,0.946346625,0.000105442,8.28E-05,8.42E-05,9.50E-07,1.19E-06,5.11E-07,4.71E-05,1.67E-06,1.06E-06,0.717303513,0.733421578,0.729629749,6.72E-05,7.54E-05,8.99E-05,8.95E-07,1.20E-06,5.04E-07,3.41E-06,1.01E-06,6.92E-08,0.721439848,0.71636765,0.801227264,1
6.17E-05,8.63E-05,8.18E-05,9.54E-07,1.13E-06,5.40E-07,1.59E-06,1.53E-06,3.24E-08,0.669039124,0.743664419,0.768619093,6.22E-05,8.53E-05,8.09E-05,8.97E-07,1.02E-06,5.22E-07,2.56E-06,9.94E-07,5.91E-08,0.666032587,0.682417611,0.745314912,6.95E-05,8.52E-05,8.99E-05,9.18E-07,1.24E-06,5.40E-07,2.69E-06,1.34E-06,6.77E-08,0.646909151,0.692728337,0.767537029,6.60E-05,8.78E-05,9.23E-05,8.39E-07,1.08E-06,4.91E-07,1.01E-06,1.21E-06,2.90E-08,0.658325082,0.641582403,0.762087366,8.58E-05,7.74E-05,9.42E-05,9.10E-07,1.06E-06,4.93E-07,1.78E-06,1.60E-06,4.28E-08,0.712449169,0.727868637,0.728422505,0
6.23E-05,7.69E-05,7.69E-05,9.07E-07,1.20E-06,4.98E-07,8.52E-07,8.64E-07,2.12E-08,0.670157679,0.662629136,0.75293586,8.72E-05,9.47E-05,9.05E-05,1.07E-06,1.32E-06,5.79E-07,4.10E-06,1.98E-06,1.01E-07,0.650387711,0.745311912,0.786064955,5.81E-05,8.25E-05,9.10E-05,9.54E-07,1.13E-06,5.09E-07,8.49E-07,1.07E-06,2.40E-08,0.654146699,0.709814815,0.740356429,6.05E-05,8.28E-05,9.01E-05,9.10E-07,1.06E-06,5.26E-07,8.57E-07,1.10E-06,2.36E-08,0.634135539,0.684772779,0.743399572,6.12E-05,7.96E-05,8.28E-05,9.73E-07,1.15E-06,5.45E-07,8.22E-07,1.26E-06,2.28E-08,0.770483987,0.642907434,0.694409058,0
6.15E-05,9.10E-05,9.20E-05,1.07E-06,1.30E-06,4.92E-07,1.23E-06,9.72E-07,3.21E-08,0.648079567,0.681042002,0.801147004,5.99E-05,7.87E-05,8.70E-05,9.61E-07,1.07E-06,5.23E-07,9.43E-07,1.25E-06,2.51E-08,0.710447481,0.682281529,0.769110056,9.24E-05,0.000107266,7.95E-05,8.41E-07,1.17E-06,5.92E-07,5.42E-06,1.96E-06,1.39E-07,0.644408562,0.65327314,0.75660868,6.64E-05,8.33E-05,8.11E-05,8.92E-07,1.06E-06,5.33E-07,8.48E-07,1.23E-06,2.49E-08,0.692580774,0.689477554,0.790691197,6.46E-05,8.39E-05,7.98E-05,9.25E-07,1.20E-06,5.45E-07,8.29E-07,1.24E-06,2.40E-08,0.684123546,0.67662161,0.802212565,0
0.050023083,0.003307438,0.001404651,1.08E-05,7.22E-05,2.94E-06,0.051926822,0.003230452,0.001502787,1.904435207,0.740461253,0.881771348,0.000206602,0.000113204,8.17E-05,1.63E-06,1.54E-06,5.55E-07,0.000151376,6.75E-05,5.64E-06,0.66660377,0.71619734,0.776884918,7.80E-05,9.41E-05,6.85E-05,1.13E-06,1.50E-06,4.93E-07,5.71E-06,7.00E-06,2.09E-07,0.679016964,0.691747901,0.811469748,0.000138822,0.000108492,7.01E-05,1.25E-06,1.67E-06,7.61E-07,3.78E-05,1.27E-05,1.54E-06,0.699742246,0.671886325,0.839061179,6.93E-05,7.69E-05,6.49E-05,1.07E-06,1.44E-06,5.50E-07,3.25E-06,4.82E-06,1.45E-07,0.761549206,0.683747831,0.77351524,1
6.61E-05,7.90E-05,6.92E-05,1.22E-06,1.31E-06,5.13E-07,5.37E-06,4.42E-06,2.26E-07,0.745209125,0.672630828,0.703538793,7.05E-05,7.51E-05,7.18E-05,1.24E-06,1.85E-06,5.78E-07,3.49E-06,3.91E-06,1.44E-07,0.664724637,0.769070167,0.693450581,6.39E-05,8.42E-05,6.05E-05,1.09E-06,1.29E-06,5.48E-07,2.30E-06,4.23E-06,9.64E-08,0.7001676,0.692847559,0.764155459,6.05E-05,8.15E-05,6.97E-05,1.07E-06,1.15E-06,5.26E-07,9.68E-07,4.26E-06,4.17E-08,0.729885886,0.756687683,0.709458096,6.43E-05,9.21E-05,7.25E-05,1.20E-06,1.54E-06,5.50E-07,1.27E-06,5.52E-06,5.21E-08,0.725041635,0.741562668,0.815549472,1
7.27E-05,8.87E-05,7.18E-05,1.08E-06,1.32E-06,5.47E-07,3.44E-06,5.09E-06,1.66E-07,0.718869173,0.704424451,0.774779721,6.50E-05,8.65E-05,6.54E-05,1.17E-06,1.37E-06,5.62E-07,7.81E-07,5.46E-06,3.51E-08,0.780019084,0.733045987,0.799213109,0.006691205,0.001580457,0.000306585,1.01E-05,3.68E-05,1.39E-06,0.006446918,0.001537915,0.000207862,0.851409816,0.684715659,0.881624492,7.44E-05,8.29E-05,9.04E-05,1.17E-06,1.42E-06,5.64E-07,2.62E-05,1.11E-05,4.81E-07,0.720810208,0.760212734,0.713919589,6.37E-05,8.50E-05,9.24E-05,7.55E-07,1.08E-06,5.21E-07,2.74E-06,9.95E-07,5.79E-08,0.699240918,0.648487596,0.71372508,2
5.69E-05,8.12E-05,8.66E-05,9.20E-07,1.05E-06,5.19E-07,1.45E-06,8.27E-07,3.47E-08,0.661143031,0.664816797,0.728620486,0.099483414,0.00303539,0.003426984,5.42E-05,0.000170861,3.34E-06,0.109985555,0.002340311,0.004010891,3.104173967,0.75578969,1.047323136,8.45E-05,8.58E-05,7.70E-05,2.07E-05,7.43E-06,1.05E-06,9.77E-05,0.000531685,1.01E-05,0.697257653,0.746206497,0.689761601,0.001096391,0.000206695,0.000118586,3.09E-06,1.36E-05,5.79E-07,0.001012391,0.000131255,3.97E-05,0.689801869,0.715780181,0.798483319,0.012295443,0.00465355,0.000424707,5.64E-06,4.55E-05,3.21E-06,0.011529153,0.004290037,0.000285568,1.056164816,0.783788599,0.789472873,2
6.79E-05,9.38E-05,7.96E-05,1.04E-06,1.39E-06,5.13E-07,1.24E-05,3.13E-06,5.49E-07,0.72613321,0.629933684,0.780660857,6.65E-05,8.36E-05,7.46E-05,9.65E-07,1.20E-06,5.50E-07,2.96E-06,1.34E-06,1.14E-07,0.626690489,0.742501244,0.794401091,6.17E-05,7.37E-05,7.78E-05,1.03E-06,1.14E-06,5.35E-07,3.59E-06,1.23E-06,1.36E-07,0.655438149,0.736618161,0.797791197,0.022725619,0.002868516,0.000770091,8.40E-06,8.12E-05,1.46E-06,0.023911982,0.002837991,0.000641798,1.244102866,0.721649945,0.886317642,6.87E-05,9.20E-05,8.78E-05,2.66E-06,1.54E-06,5.82E-07,1.37E-05,5.37E-05,7.34E-07,0.678371295,0.761076757,0.736756595,2
6.14E-05,8.74E-05,6.81E-05,9.58E-07,1.24E-06,4.88E-07,2.24E-06,1.12E-06,8.56E-08,0.752732424,0.74654511,0.865992273,6.17E-05,8.13E-05,7.07E-05,8.45E-07,1.25E-06,5.68E-07,2.55E-06,1.02E-06,9.67E-08,0.687154955,0.752606719,0.739733578,5.90E-05,9.03E-05,6.77E-05,9.72E-07,1.12E-06,5.24E-07,2.86E-06,1.17E-06,1.07E-07,0.661620772,0.733116952,0.735963645,6.05E-05,7.65E-05,7.18E-05,9.82E-07,1.25E-06,5.14E-07,3.35E-06,1.64E-06,1.35E-07,0.630379564,0.718603586,0.848553874,6.82E-05,8.71E-05,6.78E-05,1.04E-06,1.25E-06,5.77E-07,2.85E-06,1.30E-06,1.07E-07,0.662566819,0.710123261,0.779585531,2
5.79E-05,8.42E-05,6.51E-05,9.61E-07,1.24E-06,5.31E-07,3.24E-06,1.72E-06,1.25E-07,0.605514151,0.764749594,0.773155943,0.02523387,0.002782347,0.000907136,1.03E-05,7.61E-05,3.74E-06,0.026422473,0.002789689,0.000765811,1.305888082,0.72704586,0.78059335,7.13E-05,9.17E-05,8.47E-05,9.46E-07,3.27E-06,7.15E-07,4.33E-05,7.49E-06,9.71E-07,0.715778307,0.684340156,0.780225802,6.24E-05,9.16E-05,9.32E-05,8.18E-07,1.20E-06,5.44E-07,3.21E-06,1.55E-06,9.10E-08,0.714783465,0.624856707,0.698848391,6.36E-05,9.37E-05,9.82E-05,9.90E-07,1.37E-06,5.61E-07,2.26E-06,1.45E-06,6.62E-08,0.687871236,0.679148985,0.72089683,2
6.86E-05,9.69E-05,0.000113851,1.42E-06,2.30E-06,5.77E-07,3.24E-06,1.83E-06,9.28E-08,0.692179062,0.68496501,0.841368271,7.39E-05,0.000103164,9.53E-05,1.04E-06,1.44E-06,5.21E-07,3.52E-06,1.70E-06,1.03E-07,0.723853231,0.689107182,0.795831724,7.02E-05,9.81E-05,9.17E-05,9.14E-07,1.27E-06,5.80E-07,1.58E-06,1.52E-06,4.36E-08,0.735397143,0.634328451,0.738965386,6.56E-05,0.000104526,8.97E-05,9.70E-07,1.45E-06,5.61E-07,1.29E-06,1.62E-06,3.85E-08,0.635164503,0.760817216,0.782170133,7.22E-05,0.000101541,8.86E-05,9.47E-07,1.17E-06,6.04E-07,2.53E-06,1.31E-06,7.00E-08,0.680739086,0.740705224,0.783381044,2
6.87E-05,0.000105403,8.77E-05,9.63E-07,1.22E-06,5.30E-07,1.99E-06,1.95E-06,5.86E-08,0.732440425,0.634212037,0.787614225,6.41E-05,9.57E-05,9.14E-05,9.75E-07,1.14E-06,5.65E-07,2.06E-06,1.52E-06,5.70E-08,0.685433151,0.744783591,0.742779582,7.05E-05,8.94E-05,8.35E-05,9.26E-07,1.20E-06,5.69E-07,1.22E-06,1.56E-06,3.17E-08,0.657251821,0.778923548,0.731905723,0.000544006,0.000228557,9.81E-05,1.53E-06,3.91E-06,6.85E-07,0.000572163,0.000132398,1.05E-05,0.720434577,0.715382637,0.726821236,0.105275913,0.008092249,0.004725847,5.08E-05,0.000649498,2.55E-05,0.107253546,0.006456743,0.003811891,3.918574889,0.676424218,1.05696925,2
0.000127464,0.000105057,9.71E-05,2.57E-06,1.98E-06,5.92E-07,8.54E-05,4.64E-05,4.77E-06,0.715516589,0.721721135,0.767223327,8.01E-05,0.000110098,8.95E-05,1.58E-06,1.74E-06,5.87E-07,6.64E-06,1.09E-05,4.07E-07,0.678627259,0.736876496,0.830328118,7.78E-05,9.47E-05,8.95E-05,1.18E-06,1.74E-06,5.14E-07,1.13E-05,5.03E-06,6.96E-07,0.70574079,0.729664247,0.75857274,6.60E-05,9.78E-05,9.38E-05,1.23E-06,1.75E-06,5.83E-07,3.13E-06,2.79E-06,2.00E-07,0.785935237,0.634470644,0.854821392,7.90E-05,9.44E-05,0.000108112,1.11E-06,1.61E-06,5.72E-07,1.31E-05,1.80E-06,8.57E-07,0.771755707,0.699432602,0.830216894,2
0.001828178,0.000280174,0.000416675,1.09E-05,0.000207223,1.34E-06,0.001449997,0.000154398,0.000109437,0.753010462,0.727216235,0.848551247,6.85E-05,8.99E-05,9.28E-05,1.22E-06,1.98E-06,5.25E-07,3.35E-06,2.33E-06,2.14E-07,0.667764513,0.687628973,0.796241268,9.40E-05,0.00010625,0.00010742,1.48E-06,2.01E-06,5.95E-07,8.09E-06,9.52E-06,5.93E-07,0.671298682,0.730515725,0.886202999,0.000431279,0.00016794,0.00060178,1.20E-05,9.51E-05,1.08E-06,0.000247797,8.03E-05,1.54E-05,0.832280121,0.718377355,0.708627982,6.18E-05,9.73E-05,0.000105886,1.13E-06,2.05E-06,5.45E-07,3.49E-06,9.74E-07,2.51E-07,0.720471149,0.769342992,0.711123222,2
0.004970262,0.001799472,0.000689402,2.36E-05,8.59E-05,1.56E-06,0.004744498,0.001687959,0.000276224,0.901079867,0.740475263,0.844418578,7.74E-05,9.54E-05,9.05E-05,1.23E-06,1.97E-06,5.43E-07,3.50E-06,2.11E-06,2.22E-07,0.744248579,0.707585766,0.803159089,7.37E-05,9.28E-05,0.000102727,1.21E-06,1.58E-06,6.14E-07,1.87E-06,2.44E-06,1.29E-07,0.699654982,0.808032689,0.792556062,7.53E-05,0.000107611,8.85E-05,1.25E-06,1.83E-06,5.67E-07,8.61E-07,2.82E-06,5.55E-08,0.795747392,0.772300807,0.91122906,0.001852597,0.001149265,0.000676831,8.53E-05,9.39E-05,2.23E-06,0.001515601,0.000852901,7.99E-05,0.815420091,0.724961106,0.946541999,2
7.39E-05,9.48E-05,0.000103223,1.17E-06,1.76E-06,4.91E-07,1.61E-06,2.23E-06,9.48E-08,0.726473872,0.706535277,0.945169064,0.015635242,0.001520789,0.001125118,3.10E-05,9.31E-05,1.07E-06,0.016264204,0.001410819,0.000877681,1.173742234,0.688741112,0.875792724,8.07E-05,9.13E-05,9.52E-05,1.35E-06,1.86E-06,5.32E-07,1.51E-05,5.04E-06,7.10E-07,0.678322892,0.743178112,0.931560433,0.001451972,0.00016082,0.000382737,2.69E-05,0.000227715,5.59E-06,0.001105144,7.24E-05,6.24E-05,0.858458047,0.716422082,0.803781324,7.32E-05,9.07E-05,9.34E-05,1.16E-06,1.43E-06,5.94E-07,3.99E-06,2.38E-06,1.97E-07,0.683724202,0.735265022,0.717572889,1
8.89E-05,0.000104711,9.71E-05,1.27E-06,1.62E-06,5.83E-07,3.98E-06,3.15E-06,2.22E-07,0.757113988,0.707829914,0.890231596,0.09484974,0.005920359,0.00360333,8.59E-05,0.000177994,1.79E-05,0.093172211,0.004448838,0.003793948,3.151379012,0.875063459,1.084096953,7.83E-05,0.00010528,9.92E-05,1.32E-06,1.91E-06,5.38E-07,1.69E-05,1.99E-05,7.57E-07,0.711941838,0.783057304,0.724157026,9.20E-05,0.00011624,9.51E-05,1.04E-06,1.77E-06,6.26E-07,2.87E-06,1.28E-06,1.10E-07,0.742076284,0.745216271,0.830865547,0.003839975,0.001016377,0.000212185,5.62E-06,3.01E-05,1.53E-06,0.003835895,0.000789484,9.21E-05,0.902669194,0.762048606,0.770920628,1
0.002575429,0.000535174,0.000257467,6.02E-06,3.34E-05,4.11E-06,0.002210864,0.000128077,4.81E-05,0.724367286,0.753255277,0.868576601,0.005633706,0.00264568,0.000515785,7.92E-06,5.24E-05,5.15E-06,0.005346481,0.002410789,0.000188838,0.924196202,0.76877491,0.784291705,0.000398564,0.000377113,0.000376975,6.15E-06,3.65E-05,9.95E-07,0.000210767,0.000207897,7.83E-06,0.640845989,0.647086183,0.822726289,7.70E-05,9.11E-05,9.08E-05,1.03E-06,1.49E-06,6.20E-07,2.70E-06,5.10E-06,1.70E-07,0.697384999,0.657192644,0.721460105,7.38E-05,9.11E-05,8.32E-05,1.08E-06,1.51E-06,5.52E-07,1.86E-06,1.03E-06,7.80E-08,0.682539241,0.695117067,0.744137884,1
8.02E-05,9.57E-05,8.62E-05,1.20E-06,1.39E-06,5.77E-07,2.96E-06,1.30E-06,1.17E-07,0.62191051,0.669181453,0.792623214,0.000114131,9.54E-05,8.52E-05,1.06E-06,1.36E-06,5.43E-07,1.84E-06,1.63E-06,5.58E-08,0.679928995,0.715621068,0.736369078,0.000252479,0.000218618,0.000100026,1.46E-06,1.70E-06,1.38E-06,5.87E-05,7.11E-06,2.32E-06,0.675027744,0.660885095,0.692574272,0.023350603,0.028018116,0.001964338,0.000197355,0.000951876,0.000374907,0.012390398,0.009665396,0.000593912,1.227316581,0.731438453,0.878174135,7.84E-05,9.71E-05,9.22E-05,1.71E-06,3.02E-06,8.72E-07,2.67E-05,1.46E-05,1.49E-06,0.655168503,0.661574056,0.825115239,1
7.75E-05,8.29E-05,8.89E-05,9.50E-07,1.73E-06,5.57E-07,5.15E-06,5.56E-06,3.23E-07,0.718857716,0.665058741,0.790211283,8.11E-05,8.06E-05,9.16E-05,1.03E-06,1.37E-06,5.48E-07,3.34E-06,2.75E-06,1.72E-07,0.672208816,0.67123539,0.789316002,6.90E-05,8.13E-05,8.07E-05,1.19E-06,1.62E-06,5.73E-07,4.68E-06,1.14E-06,1.91E-07,0.725245946,0.684331666,0.887206438,9.01E-05,8.70E-05,8.85E-05,1.01E-06,1.74E-06,6.34E-07,3.69E-06,2.22E-06,1.87E-07,0.686283615,0.68715926,0.784819729,6.59E-05,7.80E-05,8.73E-05,1.01E-06,1.50E-06,5.43E-07,2.59E-06,9.19E-07,1.16E-07,0.60078019,0.679159145,0.819413257,1
0.113833625,0.000648469,0.006419763,1.18E-05,0.000183917,2.15E-06,0.118166968,0.000485322,0.006877078,3.614157196,0.771923247,1.013986538,0.000283257,0.000124354,8.36E-05,1.48E-06,7.13E-06,7.78E-07,0.000121468,8.70E-06,5.00E-06,0.696485787,0.682968505,0.807684484,0.000113216,0.000105885,8.11E-05,8.73E-07,1.90E-06,5.49E-07,2.69E-06,2.71E-06,1.75E-07,0.739140341,0.703909562,0.792374817,7.06E-05,7.73E-05,6.29E-05,1.09E-06,1.70E-06,5.35E-07,2.41E-06,1.19E-06,1.45E-07,0.652313043,0.680990053,0.809602212,8.96E-05,8.10E-05,6.79E-05,9.97E-07,1.68E-06,5.24E-07,2.50E-06,1.98E-06,1.75E-07,0.681123633,0.710088986,0.785897812,1
0.000337644,0.000258588,8.10E-05,1.24E-06,4.17E-06,1.22E-06,6.33E-06,1.11E-05,3.38E-07,0.694403962,0.786509994,0.765693237,9.92E-05,8.53E-05,7.49E-05,1.16E-06,2.01E-06,6.38E-07,2.79E-06,1.90E-06,1.58E-07,0.689056431,0.683229977,0.777652261,8.11E-05,8.40E-05,7.42E-05,1.00E-06,1.74E-06,5.58E-07,2.00E-06,1.57E-06,1.23E-07,0.754754761,0.684622005,0.747405734,8.56E-05,8.87E-05,6.53E-05,9.40E-07,1.76E-06,5.56E-07,3.07E-06,6.05E-07,1.56E-07,0.792954074,0.64829746,0.769230881,7.28E-05,8.09E-05,8.40E-05,8.86E-07,1.58E-06,5.82E-07,3.39E-06,1.17E-06,2.01E-07,0.713316691,0.713853972,0.742594709,1
6.30E-05,7.95E-05,6.91E-05,1.15E-06,1.60E-06,5.18E-07,4.24E-06,1.26E-06,2.37E-07,0.702721455,0.701226664,0.771746981,0.000164932,9.03E-05,6.94E-05,1.03E-06,2.18E-06,6.44E-07,3.62E-06,1.04E-06,1.88E-07,0.676832262,0.666661605,0.802567117,6.88E-05,8.34E-05,6.92E-05,1.06E-06,1.46E-06,5.42E-07,2.63E-06,1.60E-06,1.22E-07,0.651731243,0.710908661,0.810343985,7.19E-05,7.69E-05,6.04E-05,1.06E-06,1.51E-06,5.24E-07,3.44E-06,1.03E-06,1.85E-07,0.69863074,0.674192684,0.683833298,9.00E-05,7.57E-05,7.07E-05,1.03E-06,1.63E-06,6.32E-07,7.24E-06,1.62E-06,3.52E-07,0.747936016,0.712064067,0.792446568,1
0.000111937,9.79E-05,6.61E-05,9.18E-07,1.86E-06,6.69E-07,3.84E-06,1.14E-06,1.43E-07,0.715740284,0.663103734,0.764315142,7.01E-05,8.10E-05,7.12E-05,9.46E-07,1.58E-06,4.90E-07,2.13E-06,1.58E-06,1.11E-07,0.614876028,0.658078139,0.769841908,6.95E-05,8.83E-05,6.27E-05,1.01E-06,1.77E-06,6.59E-07,2.45E-06,9.10E-07,1.17E-07,0.696881914,0.658232021,0.760443682,6.63E-05,8.08E-05,6.78E-05,9.86E-07,1.82E-06,5.87E-07,2.51E-06,8.58E-07,1.11E-07,0.695176805,0.705373139,0.790619647,0.055687333,0.00366527,0.003214894,5.27E-05,0.000256004,5.93E-06,0.053924084,0.00331343,0.00321147,2.054374811,0.741074513,0.903859686,1
0.002830762,0.007657971,0.000241651,1.92E-05,0.000109585,7.68E-06,0.002806043,0.007593032,0.000196055,0.807319546,0.770255929,0.832370939,0.00011211,8.93E-05,8.67E-05,1.02E-06,2.69E-06,5.64E-07,0.000107735,1.93E-06,4.02E-06,0.749531418,0.65078721,0.766952893,7.65E-05,7.97E-05,7.98E-05,1.08E-06,1.94E-06,5.12E-07,9.18E-06,1.35E-06,3.89E-07,0.698736158,0.725555016,0.781355398,0.014344702,0.000583325,0.000582859,1.23E-05,0.000127781,2.80E-06,0.014811399,0.000447584,0.000679614,1.214842154,0.696481594,0.842773728,8.15E-05,9.89E-05,6.70E-05,1.13E-06,2.45E-06,5.34E-07,1.38E-05,1.70E-05,7.15E-07,0.702732376,0.718974193,0.739397489,1
7.04E-05,9.02E-05,7.10E-05,1.05E-06,1.99E-06,5.02E-07,1.58E-05,3.30E-06,8.51E-07,0.67243978,0.699498533,0.74804316,8.15E-05,8.81E-05,6.59E-05,1.01E-06,2.11E-06,5.41E-07,1.10E-05,3.02E-06,6.05E-07,0.67826603,0.690328094,0.766149194,7.13E-05,9.02E-05,6.28E-05,1.09E-06,2.16E-06,5.25E-07,1.09E-05,3.38E-06,6.25E-07,0.668179912,0.619624682,0.812400696,6.95E-05,8.68E-05,7.45E-05,1.08E-06,2.00E-06,5.76E-07,1.06E-05,3.08E-06,5.90E-07,0.643787309,0.674678099,0.783950221,7.27E-05,8.49E-05,7.32E-05,1.05E-06,1.93E-06,5.63E-07,9.29E-06,2.81E-06,5.20E-07,0.645276904,0.832398409,0.861135437,1
0.062754573,0.005342445,0.003555335,9.35E-05,0.00040327,1.60E-05,0.064388451,0.004474245,0.003780661,2.26539501,0.802259143,0.951370911,9.35E-05,7.65E-05,9.63E-05,1.09E-06,1.39E-06,5.60E-07,3.66E-05,4.82E-06,1.34E-06,0.660054081,0.695787486,0.758591316,7.20E-05,7.75E-05,8.17E-05,1.00E-06,1.34E-06,5.31E-07,3.68E-06,7.76E-07,1.25E-07,0.727625815,0.689536916,0.770002426,0.077325805,0.01313132,0.002191731,3.04E-05,0.00010634,7.74E-06,0.077644797,0.011644283,0.002188598,2.054127759,0.816737503,0.796905308,0.000139291,0.000103111,9.70E-05,9.67E-07,1.18E-06,5.18E-07,4.47E-05,8.43E-06,7.53E-07,0.74608853,0.713101606,0.808232297,1
7.13E-05,9.16E-05,8.86E-05,9.07E-07,1.07E-06,5.18E-07,5.71E-06,1.04E-06,8.66E-08,0.694909867,0.680607089,0.82525242,7.33E-05,0.000105085,9.25E-05,9.57E-07,1.39E-06,5.22E-07,1.98E-06,1.73E-06,3.93E-08,0.67266164,0.745893538,0.83826623,0.000102838,0.000142494,9.03E-05,9.68E-07,1.30E-06,7.06E-07,7.14E-06,2.18E-06,1.04E-07,0.726740948,0.690849925,0.748833418,6.54E-05,9.40E-05,9.11E-05,1.05E-06,1.26E-06,5.61E-07,6.31E-07,1.03E-06,1.10E-08,0.59915315,0.635612418,0.767967027,6.58E-05,9.15E-05,9.18E-05,9.24E-07,1.16E-06,5.11E-07,8.97E-07,6.11E-07,1.24E-08,0.736719404,0.647461241,0.763374292,1
0.05731984,0.001761874,0.001363059,6.43E-06,7.83E-05,4.31E-06,0.058144881,0.001582735,0.001319661,1.982862458,0.807805328,0.801039772,0.000323446,0.000107547,0.000114844,1.29E-06,3.75E-06,5.87E-07,0.000263616,2.39E-05,8.05E-06,0.755309975,0.675806438,0.713568783,6.34E-05,7.72E-05,9.92E-05,9.36E-07,1.07E-06,5.08E-07,2.47E-06,9.73E-07,6.51E-08,0.633113981,0.650745344,0.789925993,6.34E-05,7.97E-05,9.18E-05,8.88E-07,1.17E-06,5.16E-07,3.95E-06,8.29E-07,1.10E-07,0.721213782,0.695665749,0.732031632,6.30E-05,8.86E-05,8.65E-05,1.07E-06,1.14E-06,5.16E-07,2.04E-06,7.79E-07,5.05E-08,0.692748707,0.745589197,0.8177241,1
6.39E-05,8.68E-05,9.12E-05,9.29E-07,1.16E-06,5.39E-07,1.41E-06,9.13E-07,3.99E-08,0.800272868,0.680514545,0.670681785,6.53E-05,8.38E-05,8.93E-05,1.00E-06,1.08E-06,5.24E-07,1.64E-06,6.53E-07,4.49E-08,0.671885945,0.674282987,0.748259288,0.133381119,0.076596127,0.011296776,0.001318856,0.002896299,0.000150796,0.13305544,0.069871094,0.012154846,3.916953972,1.809766525,1.028055506,7.15E-05,0.000103761,7.31E-05,2.33E-06,1.44E-06,5.69E-07,1.98E-06,9.40E-05,6.54E-08,0.658465725,0.696713696,0.776705325,7.19E-05,8.45E-05,7.35E-05,1.17E-06,1.56E-06,5.26E-07,9.43E-07,6.25E-06,4.48E-08,0.693123185,0.749434652,0.858868827,1
6.29E-05,7.97E-05,8.07E-05,1.24E-06,1.51E-06,5.20E-07,1.99E-06,6.80E-06,1.06E-07,0.770475994,0.797656466,0.805792066,6.73E-05,8.71E-05,7.24E-05,1.23E-06,1.42E-06,5.50E-07,8.05E-07,5.78E-06,3.32E-08,0.716246847,0.725389694,0.78487442,6.32E-05,7.67E-05,7.44E-05,9.71E-07,1.50E-06,4.69E-07,9.96E-07,1.93E-06,4.79E-08,0.726743267,0.60991752,0.811098022,7.96E-05,9.71E-05,0.000113593,1.33E-06,2.33E-06,6.24E-07,1.28E-05,5.12E-06,5.50E-07,0.74075783,0.723514483,0.69994504,7.27E-05,9.07E-05,7.88E-05,9.35E-07,1.34E-06,5.42E-07,1.02E-06,1.71E-06,4.72E-08,0.735224069,0.786353491,0.809709308,1
6.89E-05,8.04E-05,7.59E-05,1.06E-06,1.47E-06,4.78E-07,1.27E-06,1.12E-06,6.22E-08,0.745771974,0.7772133,0.850661682,6.32E-05,8.13E-05,7.56E-05,1.01E-06,1.54E-06,5.67E-07,2.79E-06,1.22E-06,1.30E-07,0.679097186,0.709795019,0.83153552,1.825165812,7.475148913,5.208442932,0.08801678,0.131201532,0.235981897,1.214345203,7.205175216,5.55157645,18.93373997,162.5830256,211.2118495,1.835263469,1.853950958,2.918839553,0.104055586,0.329940411,0.134202449,1.579614359,1.810170298,2.81433552,39.65502128,47.97123836,77.70416481,7.65E-05,7.55E-05,9.67E-05,8.80E-07,1.16E-06,4.98E-07,3.18E-06,1.50E-06,2.75E-08,0.719908522,0.637441204,0.806029653,3
7.27E-05,9.05E-05,8.85E-05,9.32E-07,1.18E-06,5.13E-07,2.84E-06,8.12E-07,2.41E-08,0.633984645,0.615730873,0.767020576,6.87E-05,8.86E-05,9.66E-05,8.14E-07,1.10E-06,5.29E-07,1.81E-06,6.02E-07,1.56E-08,0.701015722,0.680340176,0.674144679,7.18E-05,8.52E-05,8.48E-05,8.33E-07,1.15E-06,4.93E-07,3.84E-06,9.40E-07,3.33E-08,0.643945445,0.603428385,0.711654038,6.60E-05,8.98E-05,8.81E-05,9.15E-07,1.10E-06,4.95E-07,1.43E-06,7.77E-07,1.21E-08,0.623510802,0.646262156,0.758632868,7.03E-05,8.11E-05,8.79E-05,8.60E-07,1.09E-06,5.03E-07,1.25E-06,9.58E-07,1.09E-08,0.585864289,0.646695756,0.759903795,3
0.007545159,0.000498255,0.000247098,3.67E-06,5.26E-05,4.55E-06,0.006984997,0.000167043,7.94E-05,0.910945426,0.682522884,0.752302876,6.28E-05,7.42E-05,9.16E-05,1.05E-06,1.40E-06,4.83E-07,1.90E-05,1.17E-06,1.57E-07,0.652780339,0.702490602,0.760516186,8.87E-05,9.67E-05,8.53E-05,9.77E-07,5.28E-06,5.26E-07,1.75E-06,2.52E-06,1.34E-08,0.693158948,0.722802639,0.721420975,7.77E-05,8.26E-05,8.02E-05,9.14E-07,9.92E-07,5.09E-07,7.73E-06,1.02E-06,6.22E-08,0.619319252,0.684652308,0.705155895,6.33E-05,8.23E-05,8.52E-05,1.59E-06,2.41E-06,5.15E-07,2.47E-06,1.12E-06,2.02E-08,0.607119849,0.656580617,0.718057563,1
7.86E-05,7.39E-05,0.000126675,1.12E-06,3.47E-06,5.08E-07,3.38E-06,6.42E-07,2.64E-08,0.733619901,0.724260147,0.736479062,6.73E-05,8.76E-05,8.64E-05,1.04E-06,1.47E-06,4.16E-07,3.43E-06,6.12E-07,2.68E-08,0.711512712,0.697457889,0.759882082,6.63E-05,8.19E-05,8.57E-05,8.43E-07,1.09E-06,4.64E-07,2.05E-06,7.72E-07,1.49E-08,0.657416618,0.648269729,0.690422946,7.98E-05,8.49E-05,0.000180028,1.02E-06,2.04E-06,4.37E-07,5.27E-06,6.88E-07,4.17E-08,0.64922111,0.627321654,0.803138983,5.88E-05,7.36E-05,8.28E-05,8.74E-07,1.14E-06,4.94E-07,1.38E-06,8.06E-07,1.11E-08,0.714883288,0.649445102,0.689102332,1
5.95E-05,9.15E-05,9.05E-05,9.59E-07,1.14E-06,5.18E-07,1.11E-06,7.12E-07,8.17E-09,0.63509639,0.711298901,0.730899212,8.17E-05,8.88E-05,8.25E-05,9.40E-07,1.11E-06,4.53E-07,4.08E-06,8.56E-07,3.02E-08,0.71599669,0.698231606,0.720970465,7.75E-05,8.82E-05,9.00E-05,9.11E-07,1.16E-06,4.88E-07,2.16E-06,9.61E-07,1.70E-08,0.640151079,0.715538834,0.695624535,0.000126691,8.76E-05,9.26E-05,9.49E-07,1.30E-06,5.22E-07,4.40E-05,1.19E-06,3.23E-07,0.652582778,0.657752415,0.752418028,0.019906541,0.00337607,0.000483972,2.27E-05,3.62E-05,5.16E-06,0.020260516,0.002993534,0.000277745,1.273894246,0.697327717,0.752658284,1
0.000108277,0.00013122,8.78E-05,1.39E-06,1.77E-06,1.16E-06,7.56E-06,1.81E-05,8.72E-08,0.7062747,0.706686692,0.75227472,6.46E-05,8.28E-05,8.14E-05,1.08E-06,1.62E-06,5.94E-07,5.76E-06,1.71E-06,7.70E-08,0.603760028,0.660843198,0.768283007,6.02E-05,8.88E-05,9.14E-05,9.47E-07,9.99E-07,5.76E-07,7.76E-07,1.14E-06,1.04E-08,0.582463758,0.701914565,0.768505863,6.26E-05,7.52E-05,8.36E-05,9.34E-07,1.14E-06,4.71E-07,1.38E-06,1.27E-06,1.81E-08,0.684393486,0.692485785,0.733147251,6.39E-05,8.44E-05,8.07E-05,1.37E-06,2.20E-06,5.38E-07,1.06E-06,8.89E-07,1.44E-08,0.658694415,0.640782517,0.689410017,1
7.40E-05,8.92E-05,8.53E-05,1.03E-06,1.02E-06,5.50E-07,1.10E-06,1.01E-06,1.47E-08,0.668286716,0.721414483,0.824687512,6.44E-05,9.07E-05,8.42E-05,1.02E-06,1.31E-06,5.63E-07,1.03E-06,1.21E-06,1.37E-08,0.622633112,0.669868272,0.685471524,6.34E-05,8.54E-05,8.42E-05,1.07E-06,1.38E-06,5.47E-07,1.05E-06,1.20E-06,1.40E-08,0.727783295,0.633278468,0.850713551,5.793378062,3.441255927,2.947910077,0.116800741,0.32854746,0.232080679,2.029718993,3.213227367,2.775885801,43.96937901,111.7437823,113.3820902,0.000115996,8.97E-05,8.84E-05,1.06E-06,1.90E-06,5.08E-07,5.28E-05,2.20E-06,6.25E-07,0.762400517,0.653886865,0.729309967,3
7.65E-05,9.35E-05,9.13E-05,1.34E-06,2.28E-06,5.22E-07,3.89E-06,8.96E-07,4.49E-08,0.770557981,0.692369041,0.663350188,8.18E-05,8.85E-05,8.85E-05,1.02E-06,1.48E-06,5.22E-07,3.49E-06,1.14E-06,4.45E-08,0.656673975,0.726370297,0.774080865,0.011063216,0.001717171,0.000340355,1.56E-05,8.76E-05,5.51E-06,0.010257313,0.001745379,0.000213264,0.884596555,0.734289426,0.70368555,6.40E-05,8.23E-05,8.66E-05,1.19E-06,4.43E-06,8.66E-07,8.67E-05,7.05E-06,1.70E-06,0.627263771,0.654437644,0.690115191,0.002999868,0.000306974,0.00016575,3.01E-06,1.01E-05,1.28E-06,0.00290601,0.000226087,4.83E-05,0.673715649,0.686311535,0.69710639,3
0.004866214,0.000425958,0.000219979,5.84E-06,1.71E-05,2.32E-06,0.004898632,0.000276762,8.51E-05,0.82132335,0.657118206,0.755137963,7.29E-05,7.60E-05,9.14E-05,8.77E-07,1.20E-06,5.35E-07,1.66E-05,2.09E-06,4.02E-07,0.658512081,0.716628612,0.7375244,0.000113199,8.52E-05,8.58E-05,9.52E-07,1.26E-06,4.72E-07,5.43E-05,3.34E-06,1.32E-06,0.710982911,0.764271554,0.756244315,7.57E-05,7.56E-05,8.31E-05,1.06E-06,1.43E-06,4.89E-07,7.01E-06,1.23E-06,1.77E-07,0.713628993,0.687900007,0.677077839,7.06E-05,8.19E-05,9.06E-05,1.12E-06,1.70E-06,5.19E-07,1.21E-05,1.67E-06,3.02E-07,0.606381285,0.673432283,0.620148126,1
0.009453591,0.003292388,0.000388227,1.34E-05,3.91E-05,1.45E-06,0.009220024,0.003049787,0.000222452,0.910686163,0.667503577,0.718328592,0.02664812,0.001186008,0.000620665,4.69E-06,4.64E-05,6.45E-06,0.029641016,0.000708314,0.00056386,1.313375151,0.737049029,0.723725266,8.10E-05,8.36E-05,9.08E-05,9.50E-07,1.34E-06,5.10E-07,2.30E-05,1.00E-06,2.73E-07,0.650511775,0.65870285,0.769345225,13.91768138,5.594026895,10.44658398,0.062059097,0.110008911,0.197445196,13.41818922,5.50905191,10.69261399,185.1126116,166.3533665,416.2204607,11.1264962,0.245912273,7.026785241,0.005403093,0.061242071,0.019757545,11.27424253,0.194006637,7.401881077,191.3340233,13.03590638,356.1083618,3